[
  {
    "line": 2,
    "elements": [
      {
        "line": 7,
        "name": "",
        "description": "",
        "type": "background",
        "keyword": "Background",
        "steps": [
          {
            "result": {
              "duration": 147014700,
              "error_message": "java.lang.NullPointerException\r\n\tat com.CucumberCraft.supportLibraries.DriverManager.setWebDriver(DriverManager.java:68)\r\n\tat com.CucumberCraft.supportLibraries.DriverManager.getWebDriver(DriverManager.java:41)\r\n\tat com.CucumberCraft.stepDefinitions.GeneralStepDefs.\u003cinit\u003e(GeneralStepDefs.java:16)\r\n\tat sun.reflect.NativeConstructorAccessorImpl.newInstance0(Native Method)\r\n\tat sun.reflect.NativeConstructorAccessorImpl.newInstance(Unknown Source)\r\n\tat sun.reflect.DelegatingConstructorAccessorImpl.newInstance(Unknown Source)\r\n\tat java.lang.reflect.Constructor.newInstance(Unknown Source)\r\n\tat org.picocontainer.injectors.AbstractInjector.newInstance(AbstractInjector.java:145)\r\n\tat org.picocontainer.injectors.ConstructorInjector$1.run(ConstructorInjector.java:342)\r\n\tat org.picocontainer.injectors.AbstractInjector$ThreadLocalCyclicDependencyGuard.observe(AbstractInjector.java:270)\r\n\tat org.picocontainer.injectors.ConstructorInjector.getComponentInstance(ConstructorInjector.java:364)\r\n\tat org.picocontainer.behaviors.AbstractBehavior.getComponentInstance(AbstractBehavior.java:64)\r\n\tat org.picocontainer.behaviors.Stored.getComponentInstance(Stored.java:91)\r\n\tat org.picocontainer.DefaultPicoContainer.getInstance(DefaultPicoContainer.java:699)\r\n\tat org.picocontainer.DefaultPicoContainer.getComponent(DefaultPicoContainer.java:647)\r\n\tat org.picocontainer.DefaultPicoContainer.getComponent(DefaultPicoContainer.java:678)\r\n\tat cucumber.runtime.java.picocontainer.PicoFactory.getInstance(PicoFactory.java:37)\r\n\tat cucumber.runtime.java.JavaStepDefinition.execute(JavaStepDefinition.java:38)\r\n\tat cucumber.runtime.StepDefinitionMatch.runStep(StepDefinitionMatch.java:37)\r\n\tat cucumber.runtime.Runtime.runStep(Runtime.java:300)\r\n\tat cucumber.runtime.model.StepContainer.runStep(StepContainer.java:44)\r\n\tat cucumber.runtime.model.StepContainer.runSteps(StepContainer.java:39)\r\n\tat cucumber.runtime.model.CucumberScenario.runBackground(CucumberScenario.java:59)\r\n\tat cucumber.runtime.model.CucumberScenario.run(CucumberScenario.java:42)\r\n\tat cucumber.runtime.model.CucumberFeature.run(CucumberFeature.java:165)\r\n\tat cucumber.api.testng.TestNGCucumberRunner.runCucumber(TestNGCucumberRunner.java:63)\r\n\tat cucumber.api.testng.AbstractTestNGCucumberTests.feature(AbstractTestNGCucumberTests.java:21)\r\n\tat sun.reflect.NativeMethodAccessorImpl.invoke0(Native Method)\r\n\tat sun.reflect.NativeMethodAccessorImpl.invoke(Unknown Source)\r\n\tat sun.reflect.DelegatingMethodAccessorImpl.invoke(Unknown Source)\r\n\tat java.lang.reflect.Method.invoke(Unknown Source)\r\n\tat org.testng.internal.MethodInvocationHelper.invokeMethod(MethodInvocationHelper.java:108)\r\n\tat org.testng.internal.Invoker.invokeMethod(Invoker.java:661)\r\n\tat org.testng.internal.Invoker.invokeTestMethod(Invoker.java:869)\r\n\tat org.testng.internal.Invoker.invokeTestMethods(Invoker.java:1193)\r\n\tat org.testng.internal.TestMethodWorker.invokeTestMethods(TestMethodWorker.java:126)\r\n\tat org.testng.internal.TestMethodWorker.run(TestMethodWorker.java:109)\r\n\tat org.testng.TestRunner.privateRun(TestRunner.java:744)\r\n\tat org.testng.TestRunner.run(TestRunner.java:602)\r\n\tat org.testng.SuiteRunner.runTest(SuiteRunner.java:380)\r\n\tat org.testng.SuiteRunner.access$000(SuiteRunner.java:39)\r\n\tat org.testng.SuiteRunner$SuiteWorker.run(SuiteRunner.java:414)\r\n\tat org.testng.internal.thread.ThreadUtil$1.call(ThreadUtil.java:52)\r\n\tat java.util.concurrent.FutureTask.run(Unknown Source)\r\n\tat java.util.concurrent.ThreadPoolExecutor.runWorker(Unknown Source)\r\n\tat java.util.concurrent.ThreadPoolExecutor$Worker.run(Unknown Source)\r\n\tat java.lang.Thread.run(Unknown Source)\r\n\tat ✽.Given I am in the login page of the application(BookFlightTickets.feature:8)\r\n",
              "status": "failed"
            },
            "line": 8,
            "name": "I am in the login page of the application",
            "match": {
              "location": "GeneralStepDefs.i_am_in_login_page()"
            },
            "keyword": "Given "
          },
          {
            "result": {
              "status": "skipped"
            },
            "line": 9,
            "name": "I login using the valid username mercury and the valid password mercury",
            "match": {
              "arguments": [
                {
                  "val": "mercury",
                  "offset": 33
                },
                {
                  "val": "mercury",
                  "offset": 64
                }
              ],
              "location": "LoginStepDefs.i_login_using_valid_username_valid_password(String,String)"
            },
            "keyword": "And "
          }
        ]
      },
      {
        "before": [
          {
            "result": {
              "duration": 2090588900,
              "status": "passed"
            },
            "match": {
              "location": "CukeHooks.setUp(Scenario)"
            }
          }
        ],
        "line": 12,
        "name": "Find and book flight tickets",
        "description": "",
        "id": "book-flight-tickets;find-and-book-flight-tickets",
        "after": [
          {
            "result": {
              "duration": 978700,
              "error_message": "java.lang.NullPointerException\r\n\tat com.CucumberCraft.supportLibraries.DriverManager.setWebDriver(DriverManager.java:68)\r\n\tat com.CucumberCraft.supportLibraries.DriverManager.getWebDriver(DriverManager.java:41)\r\n\tat com.CucumberCraft.stepDefinitions.CukeHooks.embedScreenshot(CukeHooks.java:145)\r\n\tat sun.reflect.NativeMethodAccessorImpl.invoke0(Native Method)\r\n\tat sun.reflect.NativeMethodAccessorImpl.invoke(Unknown Source)\r\n\tat sun.reflect.DelegatingMethodAccessorImpl.invoke(Unknown Source)\r\n\tat java.lang.reflect.Method.invoke(Unknown Source)\r\n\tat cucumber.runtime.Utils$1.call(Utils.java:40)\r\n\tat cucumber.runtime.Timeout.timeout(Timeout.java:16)\r\n\tat cucumber.runtime.Utils.invoke(Utils.java:34)\r\n\tat cucumber.runtime.java.JavaHookDefinition.execute(JavaHookDefinition.java:60)\r\n\tat cucumber.runtime.Runtime.runHookIfTagsMatch(Runtime.java:224)\r\n\tat cucumber.runtime.Runtime.runHooks(Runtime.java:212)\r\n\tat cucumber.runtime.Runtime.runAfterHooks(Runtime.java:206)\r\n\tat cucumber.runtime.model.CucumberScenario.run(CucumberScenario.java:46)\r\n\tat cucumber.runtime.model.CucumberFeature.run(CucumberFeature.java:165)\r\n\tat cucumber.api.testng.TestNGCucumberRunner.runCucumber(TestNGCucumberRunner.java:63)\r\n\tat cucumber.api.testng.AbstractTestNGCucumberTests.feature(AbstractTestNGCucumberTests.java:21)\r\n\tat sun.reflect.NativeMethodAccessorImpl.invoke0(Native Method)\r\n\tat sun.reflect.NativeMethodAccessorImpl.invoke(Unknown Source)\r\n\tat sun.reflect.DelegatingMethodAccessorImpl.invoke(Unknown Source)\r\n\tat java.lang.reflect.Method.invoke(Unknown Source)\r\n\tat org.testng.internal.MethodInvocationHelper.invokeMethod(MethodInvocationHelper.java:108)\r\n\tat org.testng.internal.Invoker.invokeMethod(Invoker.java:661)\r\n\tat org.testng.internal.Invoker.invokeTestMethod(Invoker.java:869)\r\n\tat org.testng.internal.Invoker.invokeTestMethods(Invoker.java:1193)\r\n\tat org.testng.internal.TestMethodWorker.invokeTestMethods(TestMethodWorker.java:126)\r\n\tat org.testng.internal.TestMethodWorker.run(TestMethodWorker.java:109)\r\n\tat org.testng.TestRunner.privateRun(TestRunner.java:744)\r\n\tat org.testng.TestRunner.run(TestRunner.java:602)\r\n\tat org.testng.SuiteRunner.runTest(SuiteRunner.java:380)\r\n\tat org.testng.SuiteRunner.access$000(SuiteRunner.java:39)\r\n\tat org.testng.SuiteRunner$SuiteWorker.run(SuiteRunner.java:414)\r\n\tat org.testng.internal.thread.ThreadUtil$1.call(ThreadUtil.java:52)\r\n\tat java.util.concurrent.FutureTask.run(Unknown Source)\r\n\tat java.util.concurrent.ThreadPoolExecutor.runWorker(Unknown Source)\r\n\tat java.util.concurrent.ThreadPoolExecutor$Worker.run(Unknown Source)\r\n\tat java.lang.Thread.run(Unknown Source)\r\n",
              "status": "failed"
            },
            "match": {
              "location": "CukeHooks.embedScreenshot(Scenario)"
            }
          }
        ],
        "type": "scenario",
        "keyword": "Scenario",
        "steps": [
          {
            "result": {
              "status": "skipped"
            },
            "line": 13,
            "name": "I search for flights using the following criteria:",
            "match": {
              "location": "BookFlightTicketsStepDefs.i_search_for_flights(DataTable)"
            },
            "rows": [
              {
                "cells": [
                  "FromPort",
                  "FromMonth",
                  "FromDate",
                  "ToPort",
                  "ToMonth",
                  "ToDate",
                  "Airline",
                  "PassengerCount"
                ],
                "line": 14
              },
              {
                "cells": [
                  "London",
                  "July",
                  "23",
                  "Paris",
                  "July",
                  "29",
                  "Unified Airlines",
                  "2"
                ],
                "line": 15
              }
            ],
            "keyword": "Given "
          },
          {
            "result": {
              "status": "skipped"
            },
            "line": 16,
            "name": "I select the first available flight",
            "match": {
              "location": "BookFlightTicketsStepDefs.i_select_first_available_flight()"
            },
            "keyword": "And "
          },
          {
            "result": {
              "status": "skipped"
            },
            "line": 17,
            "name": "I book the tickets using the following passenger details:",
            "match": {
              "location": "BookFlightTicketsStepDefs.i_book_tickets(DataTable)"
            },
            "rows": [
              {
                "cells": [
                  "FirstName",
                  "LastName"
                ],
                "line": 18
              },
              {
                "cells": [
                  "iCIMS",
                  "Labs"
                ],
                "line": 19
              },
              {
                "cells": [
                  "QA",
                  "Automation"
                ],
                "line": 20
              }
            ],
            "keyword": "And "
          },
          {
            "result": {
              "status": "skipped"
            },
            "line": 21,
            "name": "I use the following credit card details:",
            "match": {
              "location": "BookFlightTicketsStepDefs.i_use_credit_card(DataTable)"
            },
            "rows": [
              {
                "cells": [
                  "CreditCardType",
                  "CreditCardNumber"
                ],
                "line": 22
              },
              {
                "cells": [
                  "MasterCard",
                  "1234567890"
                ],
                "line": 23
              }
            ],
            "keyword": "And "
          },
          {
            "result": {
              "status": "skipped"
            },
            "line": 24,
            "name": "I should get a booking confirmation with a confirmation number",
            "match": {
              "location": "BookFlightTicketsStepDefs.i_should_get_booking_confirmation()"
            },
            "keyword": "Then "
          }
        ],
        "tags": [
          {
            "line": 11,
            "name": "@completed"
          }
        ]
      }
    ],
    "name": "Book flight tickets",
    "description": "As a user with valid credentials,\r\nI want to be able to search for flight tickets between a given source and destination,\r\nselect from the available options presented, and book the tickets accordingly",
    "id": "book-flight-tickets",
    "keyword": "Feature",
    "uri": "BookFlightTickets.feature",
    "tags": [
      {
        "line": 1,
        "name": "@Feature1"
      }
    ]
  }
]