[
  {
    "line": 1,
    "elements": [
      {
        "line": 5,
        "name": "",
        "description": "",
        "type": "background",
        "keyword": "Background",
        "steps": [
          {
            "result": {
              "duration": 2393390800,
              "status": "passed"
            },
            "line": 6,
            "name": "I am in the login page of demo site",
            "match": {
              "location": "Demosite.i_am_in_the_login_page_of_demo_site()"
            },
            "keyword": "Given "
          }
        ]
      },
      {
        "before": [
          {
            "result": {
              "duration": 8880663300,
              "status": "passed"
            },
            "match": {
              "location": "CukeHooks.setUp(Scenario)"
            }
          }
        ],
        "line": 9,
        "name": "Login with demo site",
        "description": "",
        "id": "login;login-with-demo-site",
        "after": [
          {
            "result": {
              "duration": 1670495000,
              "status": "passed"
            },
            "match": {
              "location": "CukeHooks.embedScreenshot(Scenario)"
            }
          }
        ],
        "type": "scenario",
        "keyword": "Scenario",
        "steps": [
          {
            "result": {
              "duration": 15244109200,
              "status": "passed"
            },
            "line": 10,
            "name": "I login using demo site",
            "match": {
              "location": "Demosite.i_login_using_demo_site()"
            },
            "keyword": "When "
          },
          {
            "result": {
              "duration": 54300,
              "status": "passed"
            },
            "line": 11,
            "name": "The application should login demo site",
            "match": {
              "location": "Demosite.the_application_should_login_demo_site()"
            },
            "keyword": "Then "
          }
        ],
        "tags": [
          {
            "line": 8,
            "name": "@sample"
          }
        ]
      }
    ],
    "name": "Login",
    "description": "As a user, I want to login demo site\r\nwhen I present valid credentials for demo site",
    "id": "login",
    "keyword": "Feature",
    "uri": "Login2.feature"
  }
]