<?xml version="1.0" encoding="UTF-8"?>
<!DOCTYPE suite SYSTEM "http://testng.org/testng-1.0.dtd">
<suite thread-count="2" guice-stage="DEVELOPMENT" name="Failed suite [Sanity]" parallel="methods">
  <test name="TestForValidCredentials(failed)" parallel="methods">
    <classes>
      <class name="testscripts.LoginScenario.Demo">
        <methods>
          <include name="setUpTestRunner"/>
          <include name="tearDownTestSuite"/>
          <include name="setUpTestSuite"/>
          <include name="test1"/>
        </methods>
      </class> <!-- testscripts.LoginScenario.Demo -->
    </classes>
  </test> <!-- TestForValidCredentials(failed) -->
</suite> <!-- Failed suite [Sanity] -->
