[
  {
    "line": 1,
    "elements": [
      {
        "line": 5,
        "name": "",
        "description": "",
        "type": "background",
        "keyword": "Background",
        "steps": [
          {
            "result": {
              "duration": 237093400,
              "error_message": "java.lang.NullPointerException\r\n\tat com.CucumberCraft.supportLibraries.DriverManager.setWebDriver(DriverManager.java:68)\r\n\tat com.CucumberCraft.supportLibraries.DriverManager.getWebDriver(DriverManager.java:41)\r\n\tat com.CucumberCraft.stepDefinitions.Demosite.\u003cinit\u003e(Demosite.java:20)\r\n\tat sun.reflect.NativeConstructorAccessorImpl.newInstance0(Native Method)\r\n\tat sun.reflect.NativeConstructorAccessorImpl.newInstance(NativeConstructorAccessorImpl.java:62)\r\n\tat sun.reflect.DelegatingConstructorAccessorImpl.newInstance(DelegatingConstructorAccessorImpl.java:45)\r\n\tat java.lang.reflect.Constructor.newInstance(Constructor.java:423)\r\n\tat org.picocontainer.injectors.AbstractInjector.newInstance(AbstractInjector.java:145)\r\n\tat org.picocontainer.injectors.ConstructorInjector$1.run(ConstructorInjector.java:342)\r\n\tat org.picocontainer.injectors.AbstractInjector$ThreadLocalCyclicDependencyGuard.observe(AbstractInjector.java:270)\r\n\tat org.picocontainer.injectors.ConstructorInjector.getComponentInstance(ConstructorInjector.java:364)\r\n\tat org.picocontainer.behaviors.AbstractBehavior.getComponentInstance(AbstractBehavior.java:64)\r\n\tat org.picocontainer.behaviors.Stored.getComponentInstance(Stored.java:91)\r\n\tat org.picocontainer.DefaultPicoContainer.getInstance(DefaultPicoContainer.java:699)\r\n\tat org.picocontainer.DefaultPicoContainer.getComponent(DefaultPicoContainer.java:647)\r\n\tat org.picocontainer.DefaultPicoContainer.getComponent(DefaultPicoContainer.java:678)\r\n\tat cucumber.runtime.java.picocontainer.PicoFactory.getInstance(PicoFactory.java:37)\r\n\tat cucumber.runtime.java.JavaStepDefinition.execute(JavaStepDefinition.java:38)\r\n\tat cucumber.runtime.StepDefinitionMatch.runStep(StepDefinitionMatch.java:37)\r\n\tat cucumber.runtime.Runtime.runStep(Runtime.java:300)\r\n\tat cucumber.runtime.model.StepContainer.runStep(StepContainer.java:44)\r\n\tat cucumber.runtime.model.StepContainer.runSteps(StepContainer.java:39)\r\n\tat cucumber.runtime.model.CucumberScenario.runBackground(CucumberScenario.java:59)\r\n\tat cucumber.runtime.model.CucumberScenario.run(CucumberScenario.java:42)\r\n\tat cucumber.runtime.model.CucumberFeature.run(CucumberFeature.java:165)\r\n\tat cucumber.api.testng.TestNGCucumberRunner.runCucumber(TestNGCucumberRunner.java:63)\r\n\tat cucumber.api.testng.AbstractTestNGCucumberTests.feature(AbstractTestNGCucumberTests.java:21)\r\n\tat sun.reflect.NativeMethodAccessorImpl.invoke0(Native Method)\r\n\tat sun.reflect.NativeMethodAccessorImpl.invoke(NativeMethodAccessorImpl.java:62)\r\n\tat sun.reflect.DelegatingMethodAccessorImpl.invoke(DelegatingMethodAccessorImpl.java:43)\r\n\tat java.lang.reflect.Method.invoke(Method.java:498)\r\n\tat org.testng.internal.MethodInvocationHelper.invokeMethod(MethodInvocationHelper.java:104)\r\n\tat org.testng.internal.Invoker.invokeMethod(Invoker.java:645)\r\n\tat org.testng.internal.Invoker.invokeTestMethod(Invoker.java:851)\r\n\tat org.testng.internal.Invoker.invokeTestMethods(Invoker.java:1177)\r\n\tat org.testng.internal.TestMethodWorker.invokeTestMethods(TestMethodWorker.java:129)\r\n\tat org.testng.internal.TestMethodWorker.run(TestMethodWorker.java:112)\r\n\tat org.testng.TestRunner.privateRun(TestRunner.java:756)\r\n\tat org.testng.TestRunner.run(TestRunner.java:610)\r\n\tat org.testng.SuiteRunner.runTest(SuiteRunner.java:387)\r\n\tat org.testng.SuiteRunner.access$000(SuiteRunner.java:39)\r\n\tat org.testng.SuiteRunner$SuiteWorker.run(SuiteRunner.java:421)\r\n\tat org.testng.internal.thread.ThreadUtil$2.call(ThreadUtil.java:64)\r\n\tat java.util.concurrent.FutureTask.run(FutureTask.java:266)\r\n\tat java.util.concurrent.ThreadPoolExecutor.runWorker(ThreadPoolExecutor.java:1149)\r\n\tat java.util.concurrent.ThreadPoolExecutor$Worker.run(ThreadPoolExecutor.java:624)\r\n\tat java.lang.Thread.run(Thread.java:748)\r\n\tat ✽.Given I am in the login page of demo site(Login2.feature:6)\r\n",
              "status": "failed"
            },
            "line": 6,
            "name": "I am in the login page of demo site",
            "match": {
              "location": "Demosite.i_am_in_the_login_page_of_demo_site()"
            },
            "keyword": "Given "
          }
        ]
      },
      {
        "before": [
          {
            "result": {
              "duration": 2013491900,
              "status": "passed"
            },
            "match": {
              "location": "CukeHooks.setUp(Scenario)"
            }
          }
        ],
        "line": 9,
        "name": "Login with demo site",
        "description": "",
        "id": "login;login-with-demo-site",
        "after": [
          {
            "result": {
              "duration": 1723700,
              "error_message": "java.lang.NullPointerException\r\n\tat com.CucumberCraft.supportLibraries.DriverManager.setWebDriver(DriverManager.java:68)\r\n\tat com.CucumberCraft.supportLibraries.DriverManager.getWebDriver(DriverManager.java:41)\r\n\tat com.CucumberCraft.stepDefinitions.CukeHooks.embedScreenshot(CukeHooks.java:145)\r\n\tat sun.reflect.NativeMethodAccessorImpl.invoke0(Native Method)\r\n\tat sun.reflect.NativeMethodAccessorImpl.invoke(NativeMethodAccessorImpl.java:62)\r\n\tat sun.reflect.DelegatingMethodAccessorImpl.invoke(DelegatingMethodAccessorImpl.java:43)\r\n\tat java.lang.reflect.Method.invoke(Method.java:498)\r\n\tat cucumber.runtime.Utils$1.call(Utils.java:40)\r\n\tat cucumber.runtime.Timeout.timeout(Timeout.java:16)\r\n\tat cucumber.runtime.Utils.invoke(Utils.java:34)\r\n\tat cucumber.runtime.java.JavaHookDefinition.execute(JavaHookDefinition.java:60)\r\n\tat cucumber.runtime.Runtime.runHookIfTagsMatch(Runtime.java:224)\r\n\tat cucumber.runtime.Runtime.runHooks(Runtime.java:212)\r\n\tat cucumber.runtime.Runtime.runAfterHooks(Runtime.java:206)\r\n\tat cucumber.runtime.model.CucumberScenario.run(CucumberScenario.java:46)\r\n\tat cucumber.runtime.model.CucumberFeature.run(CucumberFeature.java:165)\r\n\tat cucumber.api.testng.TestNGCucumberRunner.runCucumber(TestNGCucumberRunner.java:63)\r\n\tat cucumber.api.testng.AbstractTestNGCucumberTests.feature(AbstractTestNGCucumberTests.java:21)\r\n\tat sun.reflect.NativeMethodAccessorImpl.invoke0(Native Method)\r\n\tat sun.reflect.NativeMethodAccessorImpl.invoke(NativeMethodAccessorImpl.java:62)\r\n\tat sun.reflect.DelegatingMethodAccessorImpl.invoke(DelegatingMethodAccessorImpl.java:43)\r\n\tat java.lang.reflect.Method.invoke(Method.java:498)\r\n\tat org.testng.internal.MethodInvocationHelper.invokeMethod(MethodInvocationHelper.java:104)\r\n\tat org.testng.internal.Invoker.invokeMethod(Invoker.java:645)\r\n\tat org.testng.internal.Invoker.invokeTestMethod(Invoker.java:851)\r\n\tat org.testng.internal.Invoker.invokeTestMethods(Invoker.java:1177)\r\n\tat org.testng.internal.TestMethodWorker.invokeTestMethods(TestMethodWorker.java:129)\r\n\tat org.testng.internal.TestMethodWorker.run(TestMethodWorker.java:112)\r\n\tat org.testng.TestRunner.privateRun(TestRunner.java:756)\r\n\tat org.testng.TestRunner.run(TestRunner.java:610)\r\n\tat org.testng.SuiteRunner.runTest(SuiteRunner.java:387)\r\n\tat org.testng.SuiteRunner.access$000(SuiteRunner.java:39)\r\n\tat org.testng.SuiteRunner$SuiteWorker.run(SuiteRunner.java:421)\r\n\tat org.testng.internal.thread.ThreadUtil$2.call(ThreadUtil.java:64)\r\n\tat java.util.concurrent.FutureTask.run(FutureTask.java:266)\r\n\tat java.util.concurrent.ThreadPoolExecutor.runWorker(ThreadPoolExecutor.java:1149)\r\n\tat java.util.concurrent.ThreadPoolExecutor$Worker.run(ThreadPoolExecutor.java:624)\r\n\tat java.lang.Thread.run(Thread.java:748)\r\n",
              "status": "failed"
            },
            "match": {
              "location": "CukeHooks.embedScreenshot(Scenario)"
            }
          }
        ],
        "type": "scenario",
        "keyword": "Scenario",
        "steps": [
          {
            "result": {
              "status": "skipped"
            },
            "line": 10,
            "name": "I login using demo site",
            "match": {
              "location": "Demosite.i_login_using_demo_site()"
            },
            "keyword": "When "
          },
          {
            "result": {
              "status": "skipped"
            },
            "line": 11,
            "name": "The application should login demo site",
            "match": {
              "location": "Demosite.the_application_should_login_demo_site()"
            },
            "keyword": "Then "
          }
        ],
        "tags": [
          {
            "line": 8,
            "name": "@sample"
          }
        ]
      }
    ],
    "name": "Login",
    "description": "As a user, I want to login demo site\r\nwhen I present valid credentials for demo site",
    "id": "login",
    "keyword": "Feature",
    "uri": "Login2.feature"
  }
]