[
  {
    "line": 1,
    "elements": [
      {
        "line": 5,
        "name": "",
        "description": "",
        "type": "background",
        "keyword": "Background",
        "steps": [
          {
            "result": {
              "duration": 4507595300,
              "status": "passed"
            },
            "line": 6,
            "name": "I am in the login page of demo site",
            "match": {
              "location": "Demosite.i_am_in_the_login_page_of_demo_site()"
            },
            "keyword": "Given "
          }
        ]
      },
      {
        "before": [
          {
            "result": {
              "duration": 9947190100,
              "status": "passed"
            },
            "match": {
              "location": "CukeHooks.setUp(Scenario)"
            }
          }
        ],
        "line": 9,
        "name": "Login with demo site",
        "description": "",
        "id": "login;login-with-demo-site",
        "after": [
          {
            "result": {
              "duration": 1671984200,
              "status": "passed"
            },
            "match": {
              "location": "CukeHooks.embedScreenshot(Scenario)"
            }
          }
        ],
        "type": "scenario",
        "keyword": "Scenario",
        "steps": [
          {
            "result": {
              "duration": 72079500,
              "error_message": "org.openqa.selenium.ElementNotVisibleException: element not visible\n  (Session info: chrome\u003d86.0.4240.75)\n  (Driver info: chromedriver\u003d2.38.552522 (437e6fbedfa8762dec75e2c5b3ddb86763dc9dcb),platform\u003dWindows NT 10.0.17763 x86_64) (WARNING: The server did not provide any stacktrace information)\nCommand duration or timeout: 0 milliseconds\nBuild info: version: \u00273.7.1\u0027, revision: \u00278a0099a\u0027, time: \u00272017-11-06T21:01:39.354Z\u0027\nSystem info: host: \u0027LTIN202639\u0027, ip: \u0027192.168.0.156\u0027, os.name: \u0027Windows 10\u0027, os.arch: \u0027amd64\u0027, os.version: \u002710.0\u0027, java.version: \u00271.8.0_231\u0027\nDriver info: org.openqa.selenium.chrome.ChromeDriver\nCapabilities {acceptInsecureCerts: false, acceptSslCerts: false, applicationCacheEnabled: false, browserConnectionEnabled: false, browserName: chrome, chrome: {chromedriverVersion: 2.38.552522 (437e6fbedfa876..., userDataDir: C:\\Users\\660763\\AppData\\Loc...}, cssSelectorsEnabled: true, databaseEnabled: false, handlesAlerts: true, hasTouchScreen: false, javascriptEnabled: true, locationContextEnabled: true, mobileEmulationEnabled: false, nativeEvents: true, networkConnectionEnabled: false, pageLoadStrategy: normal, platform: XP, platformName: XP, rotatable: false, setWindowRect: true, takesHeapSnapshot: true, takesScreenshot: true, unexpectedAlertBehaviour: , unhandledPromptBehavior: , version: 86.0.4240.75, webStorageEnabled: true}\nSession ID: 75633095ff32e09afdd846f3d4483305\r\n\tat sun.reflect.NativeConstructorAccessorImpl.newInstance0(Native Method)\r\n\tat sun.reflect.NativeConstructorAccessorImpl.newInstance(Unknown Source)\r\n\tat sun.reflect.DelegatingConstructorAccessorImpl.newInstance(Unknown Source)\r\n\tat java.lang.reflect.Constructor.newInstance(Unknown Source)\r\n\tat org.openqa.selenium.remote.ErrorHandler.createThrowable(ErrorHandler.java:214)\r\n\tat org.openqa.selenium.remote.ErrorHandler.throwIfResponseFailed(ErrorHandler.java:166)\r\n\tat org.openqa.selenium.remote.http.JsonHttpResponseCodec.reconstructValue(JsonHttpResponseCodec.java:40)\r\n\tat org.openqa.selenium.remote.http.AbstractHttpResponseCodec.decode(AbstractHttpResponseCodec.java:80)\r\n\tat org.openqa.selenium.remote.http.AbstractHttpResponseCodec.decode(AbstractHttpResponseCodec.java:44)\r\n\tat org.openqa.selenium.remote.HttpCommandExecutor.execute(HttpCommandExecutor.java:164)\r\n\tat org.openqa.selenium.remote.service.DriverCommandExecutor.execute(DriverCommandExecutor.java:83)\r\n\tat org.openqa.selenium.remote.RemoteWebDriver.execute(RemoteWebDriver.java:600)\r\n\tat org.openqa.selenium.remote.RemoteWebElement.execute(RemoteWebElement.java:279)\r\n\tat org.openqa.selenium.remote.RemoteWebElement.click(RemoteWebElement.java:83)\r\n\tat com.CucumberCraft.stepDefinitions.Demosite.i_login_using_demo_site(Demosite.java:36)\r\n\tat ✽.When I login using demo site(Login2.feature:10)\r\n",
              "status": "failed"
            },
            "line": 10,
            "name": "I login using demo site",
            "match": {
              "location": "Demosite.i_login_using_demo_site()"
            },
            "keyword": "When "
          },
          {
            "result": {
              "status": "skipped"
            },
            "line": 11,
            "name": "The application should login demo site",
            "match": {
              "location": "Demosite.the_application_should_login_demo_site()"
            },
            "keyword": "Then "
          }
        ],
        "tags": [
          {
            "line": 8,
            "name": "@sample"
          }
        ]
      }
    ],
    "name": "Login",
    "description": "As a user, I want to login demo site\r\nwhen I present valid credentials for demo site",
    "id": "login",
    "keyword": "Feature",
    "uri": "Login2.feature"
  }
]