<?xml version="1.0" encoding="UTF-8"?>
<!DOCTYPE suite SYSTEM "http://testng.org/testng-1.0.dtd">
<suite guice-stage="DEVELOPMENT" name="Failed suite [Default suite]">
  <test name="Default test(failed)">
    <classes>
      <class name="testscripts.LoginScenario.TestForValidLogin">
        <methods>
          <include name="setUpTestRunner"/>
          <include name="tearDownTestSuite"/>
          <include name="setUpTestSuite"/>
          <include name="testRunner" invocation-numbers="0"/>
        </methods>
      </class> <!-- testscripts.LoginScenario.TestForValidLogin -->
    </classes>
  </test> <!-- Default test(failed) -->
</suite> <!-- Failed suite [Default suite] -->
