[
  {
    "line": 1,
    "elements": [
      {
        "line": 5,
        "name": "",
        "description": "",
        "type": "background",
        "keyword": "Background",
        "steps": [
          {
            "result": {
              "duration": 2075992800,
              "status": "passed"
            },
            "line": 6,
            "name": "I am in the login page of demo site",
            "match": {
              "location": "Demosite.i_am_in_the_login_page_of_demo_site()"
            },
            "keyword": "Given "
          }
        ]
      },
      {
        "before": [
          {
            "result": {
              "duration": 7889324500,
              "status": "passed"
            },
            "match": {
              "location": "CukeHooks.setUp(Scenario)"
            }
          }
        ],
        "line": 9,
        "name": "Login with demo site",
        "description": "",
        "id": "login;login-with-demo-site",
        "after": [
          {
            "result": {
              "duration": 1531888600,
              "status": "passed"
            },
            "match": {
              "location": "CukeHooks.embedScreenshot(Scenario)"
            }
          }
        ],
        "type": "scenario",
        "keyword": "Scenario",
        "steps": [
          {
            "result": {
              "duration": 306200,
              "error_message": "java.lang.Error: Unresolved compilation problems: \n\tSyntax error, insert \")\" to complete MethodInvocation\n\tSyntax error, insert \")\" to complete MethodInvocation\n\tSyntax error, insert \";\" to complete Statement\n\tString literal is not properly closed by a double-quote\n\r\n\tat com.CucumberCraft.stepDefinitions.Demosite.i_login_using_demo_site(Demosite.java:37)\r\n\tat ✽.When I login using demo site(Login2.feature:10)\r\n",
              "status": "failed"
            },
            "line": 10,
            "name": "I login using demo site",
            "match": {
              "location": "Demosite.i_login_using_demo_site()"
            },
            "keyword": "When "
          },
          {
            "result": {
              "status": "skipped"
            },
            "line": 11,
            "name": "The application should login demo site",
            "match": {
              "location": "Demosite.the_application_should_login_demo_site()"
            },
            "keyword": "Then "
          }
        ],
        "tags": [
          {
            "line": 8,
            "name": "@sample"
          }
        ]
      }
    ],
    "name": "Login",
    "description": "As a user, I want to login demo site\r\nwhen I present valid credentials for demo site",
    "id": "login",
    "keyword": "Feature",
    "uri": "Login2.feature"
  }
]